action_id,group,n,both_correct,lost_correct,gained_correct,both_wrong_same_label,both_wrong_different_labels,reference_correct,candidate_correct,net_additional_errors,delta_recall_pp,changed_predicted_label
A001,A001-A060,500,456,6,4,30,4,462,460,2,-0.4,14
A002,A001-A060,500,423,6,6,56,9,429,429,0,0.0,21
A003,A001-A060,499,447,6,5,38,3,453,452,1,-0.20040080160320642,14
A004,A001-A060,500,451,5,3,38,3,456,454,2,-0.4,11
A005,A001-A060,502,452,7,8,28,7,459,460,-1,0.199203187250996,22
A006,A001-A060,502,488,1,0,12,1,489,488,1,-0.199203187250996,2
A007,A001-A060,502,443,8,3,44,4,451,446,5,-0.9960159362549801,15
A008,A001-A060,497,486,1,0,10,0,487,486,1,-0.2012072434607646,1
A009,A001-A060,498,491,0,1,5,1,491,492,-1,0.20080321285140562,2
A010,A001-A060,500,441,5,6,43,5,446,447,-1,0.2,16
A011,A001-A060,500,309,12,16,154,9,321,325,-4,0.8,37
A012,A001-A060,498,303,14,12,154,15,317,315,2,-0.40160642570281124,41
A013,A001-A060,499,447,4,2,44,2,451,449,2,-0.40080160320641284,8
A014,A001-A060,502,499,1,0,2,0,500,499,1,-0.199203187250996,1
A015,A001-A060,504,492,0,4,8,0,492,496,-4,0.7936507936507936,4
A016,A001-A060,502,448,3,4,45,2,451,452,-1,0.199203187250996,9
A017,A001-A060,502,405,5,12,80,0,410,417,-7,1.3944223107569722,17
A018,A001-A060,504,466,4,2,29,3,470,468,2,-0.3968253968253968,9
A019,A001-A060,504,461,3,4,31,5,464,465,-1,0.1984126984126984,12
A020,A001-A060,502,489,1,0,10,2,490,489,1,-0.199203187250996,3
A021,A001-A060,502,486,1,1,13,1,487,487,0,0.0,3
A022,A001-A060,503,493,1,1,7,1,494,494,0,0.0,3
A023,A001-A060,504,467,2,2,29,4,469,469,0,0.0,8
A024,A001-A060,503,470,5,4,22,2,475,474,1,-0.1988071570576541,11
A025,A001-A060,504,466,4,3,29,2,470,469,1,-0.1984126984126984,9
A026,A001-A060,504,500,0,0,4,0,500,500,0,0.0,0
A027,A001-A060,504,500,0,0,2,2,500,500,0,0.0,2
A028,A001-A060,501,437,7,4,46,7,444,441,3,-0.5988023952095808,18
A029,A001-A060,502,369,7,8,106,12,376,377,-1,0.199203187250996,27
A030,A001-A060,502,392,5,21,81,3,397,413,-16,3.187250996015936,29
A031,A001-A060,501,431,5,7,51,7,436,438,-2,0.3992015968063872,19
A032,A001-A060,504,457,2,1,36,8,459,458,1,-0.1984126984126984,11
A033,A001-A060,503,454,3,2,35,9,457,456,1,-0.1988071570576541,14
A034,A001-A060,503,437,6,9,45,6,443,446,-3,0.5964214711729622,21
A035,A001-A060,504,501,1,0,1,1,502,501,1,-0.1984126984126984,2
A036,A001-A060,503,485,2,1,13,2,487,486,1,-0.1988071570576541,5
A037,A001-A060,502,449,7,5,39,2,456,454,2,-0.398406374501992,14
A038,A001-A060,504,461,0,6,32,5,461,467,-6,1.1904761904761905,11
A039,A001-A060,504,466,4,4,27,3,470,470,0,0.0,11
A040,A001-A060,498,480,3,0,13,2,483,480,3,-0.6024096385542169,5
A041,A001-A060,504,421,9,7,56,11,430,428,2,-0.3968253968253968,27
A042,A001-A060,503,500,0,1,2,0,500,501,-1,0.1988071570576541,1
A043,A001-A060,504,482,2,2,18,0,484,484,0,0.0,4
A044,A001-A060,503,397,6,11,83,6,403,408,-5,0.9940357852882704,23
A045,A001-A060,504,423,9,5,63,4,432,428,4,-0.7936507936507936,18
A046,A001-A060,504,446,7,2,44,5,453,448,5,-0.9920634920634921,14
A047,A001-A060,504,431,10,4,52,7,441,435,6,-1.1904761904761905,21
A048,A001-A060,503,442,0,6,55,0,442,448,-6,1.1928429423459244,6
A049,A001-A060,503,465,9,2,25,2,474,467,7,-1.3916500994035785,13
A050,A001-A060,499,438,6,6,45,4,444,444,0,0.0,16
A051,A001-A060,502,452,6,2,39,3,458,454,4,-0.796812749003984,11
A052,A001-A060,503,488,1,3,9,2,489,491,-2,0.3976143141153082,6
A053,A001-A060,504,415,8,9,69,3,423,424,-1,0.1984126984126984,20
A054,A001-A060,497,458,1,9,26,3,459,467,-8,1.6096579476861168,13
A055,A001-A060,480,464,2,1,10,3,466,465,1,-0.20833333333333334,6
A056,A001-A060,504,457,4,4,39,0,461,461,0,0.0,8
A057,A001-A060,503,440,4,7,51,1,444,447,-3,0.5964214711729622,12
A058,A001-A060,504,483,1,0,18,2,484,483,1,-0.1984126984126984,3
A059,A001-A060,499,498,0,1,0,0,498,499,-1,0.20040080160320642,1
A060,A001-A060,503,480,1,3,19,0,481,483,-2,0.3976143141153082,4
A061,A061-A120,479,443,4,2,26,4,447,445,2,-0.4175365344467641,10
A062,A061-A120,484,454,4,0,22,4,458,454,4,-0.8264462809917356,8
A063,A061-A120,487,456,0,3,25,3,456,459,-3,0.6160164271047228,6
A064,A061-A120,489,470,1,0,14,4,471,470,1,-0.20449897750511248,5
A065,A061-A120,488,442,4,1,33,8,446,443,3,-0.6147540983606558,13
A066,A061-A120,490,471,0,0,15,4,471,471,0,0.0,4
A067,A061-A120,488,373,5,8,92,10,378,381,-3,0.6147540983606558,23
A068,A061-A120,490,417,10,1,53,9,427,418,9,-1.836734693877551,20
A069,A061-A120,490,400,13,13,55,9,413,413,0,0.0,35
A070,A061-A120,490,435,2,5,42,6,437,440,-3,0.6122448979591837,13
A071,A061-A120,490,320,13,13,130,14,333,333,0,0.0,40
A072,A061-A120,490,329,16,20,111,14,345,349,-4,0.8163265306122449,50
A073,A061-A120,488,253,26,14,172,23,279,267,12,-2.459016393442623,63
A074,A061-A120,486,305,15,15,136,15,320,320,0,0.0,45
A075,A061-A120,481,344,12,9,102,14,356,353,3,-0.6237006237006237,35
A076,A061-A120,488,243,12,23,194,16,255,266,-11,2.2540983606557377,51
A077,A061-A120,489,364,10,8,91,16,374,372,2,-0.40899795501022496,34
A078,A061-A120,488,348,6,5,107,22,354,353,1,-0.20491803278688525,33
A079,A061-A120,488,417,6,1,60,4,423,418,5,-1.0245901639344261,11
A080,A061-A120,490,482,1,0,6,1,483,482,1,-0.20408163265306123,2
A081,A061-A120,489,444,2,2,34,7,446,446,0,0.0,11
A082,A061-A120,491,390,12,8,63,18,402,398,4,-0.814663951120163,38
A083,A061-A120,491,394,8,4,73,12,402,398,4,-0.814663951120163,24
A084,A061-A120,489,327,11,12,126,13,338,339,-1,0.20449897750511248,36
A085,A061-A120,489,433,6,2,45,3,439,435,4,-0.8179959100204499,11
A086,A061-A120,489,421,7,5,49,7,428,426,2,-0.40899795501022496,19
A087,A061-A120,491,461,3,3,22,2,464,464,0,0.0,8
A088,A061-A120,492,473,2,1,14,2,475,474,1,-0.2032520325203252,5
A089,A061-A120,491,402,13,5,62,9,415,407,8,-1.629327902240326,27
A090,A061-A120,492,455,4,3,29,1,459,458,1,-0.2032520325203252,8
A091,A061-A120,490,390,15,10,67,8,405,400,5,-1.0204081632653061,33
A092,A061-A120,482,453,5,2,18,4,458,455,3,-0.6224066390041494,11
A093,A061-A120,490,421,5,3,50,11,426,424,2,-0.40816326530612246,19
A094,A061-A120,487,420,10,7,45,5,430,427,3,-0.6160164271047228,22
A095,A061-A120,489,470,5,2,9,3,475,472,3,-0.6134969325153374,10
A096,A061-A120,490,469,1,2,15,3,470,471,-1,0.20408163265306123,6
A097,A061-A120,491,482,1,0,7,1,483,482,1,-0.20366598778004075,2
A098,A061-A120,490,484,0,0,5,1,484,484,0,0.0,1
A099,A061-A120,491,472,0,3,14,2,472,475,-3,0.6109979633401222,5
A100,A061-A120,491,483,0,1,5,2,483,484,-1,0.20366598778004075,3
A101,A061-A120,491,489,0,0,2,0,489,489,0,0.0,0
A102,A061-A120,491,469,2,5,15,0,471,474,-3,0.6109979633401222,7
A103,A061-A120,492,346,12,15,109,10,358,361,-3,0.6097560975609756,37
A104,A061-A120,492,437,5,3,46,1,442,440,2,-0.4065040650406504,9
A105,A061-A120,491,364,14,5,98,10,378,369,9,-1.8329938900203666,29
A106,A061-A120,491,368,13,8,89,13,381,376,5,-1.0183299389002036,34
A107,A061-A120,492,337,6,18,116,15,343,355,-12,2.4390243902439024,39
A108,A061-A120,491,442,5,4,37,3,447,446,1,-0.20366598778004075,12
A109,A061-A120,492,445,3,1,38,5,448,446,2,-0.4065040650406504,9
A110,A061-A120,490,392,8,9,78,3,400,401,-1,0.20408163265306123,20
A111,A061-A120,491,450,3,0,31,7,453,450,3,-0.6109979633401222,10
A112,A061-A120,492,479,1,1,10,1,480,480,0,0.0,3
A113,A061-A120,492,479,2,1,10,0,481,480,1,-0.2032520325203252,3
A114,A061-A120,491,464,1,1,25,0,465,465,0,0.0,2
A115,A061-A120,491,447,3,3,32,6,450,450,0,0.0,12
A116,A061-A120,492,465,1,5,21,0,466,470,-4,0.8130081300813008,6
A117,A061-A120,491,425,4,5,48,9,429,430,-1,0.20366598778004075,18
A118,A061-A120,492,463,5,1,23,0,468,464,4,-0.8130081300813008,6
A119,A061-A120,490,466,2,2,18,2,468,468,0,0.0,6
A120,A061-A120,492,477,2,0,8,5,479,477,2,-0.4065040650406504,7
