action_id,support,reference_correct,candidate_correct,reference_recall,candidate_recall,delta_recall,reference_f1,candidate_f1
A001,500,462,460,0.924,0.92,-0.004,0.927710843373494,0.9255533199195171
A002,500,429,429,0.858,0.858,0.0,0.8640483383685801,0.8597194388777555
A003,499,453,452,0.9078156312625251,0.905811623246493,-0.002004008016032064,0.8961424332344213,0.8888888888888888
A004,500,456,454,0.912,0.908,-0.004,0.9249492900608519,0.9144008056394763
A005,502,459,460,0.9143426294820717,0.9163346613545816,0.00199203187250996,0.9254032258064516,0.9246231155778895
A006,502,489,488,0.9741035856573705,0.9721115537848606,-0.00199203187250996,0.9683168316831683,0.9711442786069652
A007,502,451,446,0.898406374501992,0.8884462151394422,-0.0099601593625498,0.915736040609137,0.9065040650406504
A008,497,487,486,0.9798792756539235,0.9778672032193159,-0.002012072434607646,0.9878296146044625,0.9838056680161943
A009,498,491,492,0.9859437751004017,0.9879518072289156,0.002008032128514056,0.9919191919191919,0.9909365558912386
A010,500,446,447,0.892,0.894,0.002,0.8840436075322101,0.8773307163886163
A011,500,321,325,0.642,0.65,0.008,0.6388059701492538,0.6416584402764067
A012,498,317,315,0.6365461847389559,0.6325301204819277,-0.004016064257028112,0.5650623885918004,0.57116953762466
A013,499,451,449,0.9038076152304609,0.8997995991983968,-0.004008016032064128,0.9092741935483871,0.8988988988988988
A014,502,500,499,0.9960159362549801,0.9940239043824701,-0.00199203187250996,0.9624639076034649,0.9513822688274547
A015,504,492,496,0.9761904761904762,0.9841269841269841,0.007936507936507936,0.9781312127236581,0.9792694965449161
A016,502,451,452,0.898406374501992,0.900398406374502,0.00199203187250996,0.8606870229007634,0.8683957732949087
A017,502,410,417,0.8167330677290837,0.8306772908366534,0.013944223107569721,0.8308004052684904,0.8348348348348348
A018,504,470,468,0.9325396825396826,0.9285714285714286,-0.003968253968253968,0.9197651663405088,0.9158512720156555
A019,504,464,465,0.9206349206349206,0.9226190476190477,0.001984126984126984,0.9215491559086395,0.9217046580773043
A020,502,490,489,0.9760956175298805,0.9741035856573705,-0.00199203187250996,0.9722222222222222,0.9702380952380952
A021,502,487,487,0.9701195219123506,0.9701195219123506,0.0,0.9701195219123506,0.9691542288557214
A022,503,494,494,0.9821073558648111,0.9821073558648111,0.0,0.9356060606060606,0.926829268292683
A023,504,469,469,0.9305555555555556,0.9305555555555556,0.0,0.9513184584178499,0.9446122860020141
A024,503,475,474,0.9443339960238568,0.9423459244532804,-0.0019880715705765406,0.9481037924151696,0.9461077844311377
A025,504,470,469,0.9325396825396826,0.9305555555555556,-0.001984126984126984,0.9197651663405088,0.9010566762728146
A026,504,500,500,0.9920634920634921,0.9920634920634921,0.0,0.9871668311944719,0.9881422924901185
A027,504,500,500,0.9920634920634921,0.9920634920634921,0.0,0.9910802775024777,0.9930486593843099
A028,501,444,441,0.8862275449101796,0.8802395209580839,-0.005988023952095809,0.9089048106448311,0.9074074074074074
A029,502,376,377,0.749003984063745,0.750996015936255,0.00199203187250996,0.7322297955209348,0.7285024154589372
A030,502,397,413,0.7908366533864541,0.8227091633466136,0.03187250996015936,0.7218181818181818,0.7188859878154917
A031,501,436,438,0.8702594810379242,0.874251497005988,0.003992015968063872,0.8659384309831182,0.8605108055009824
A032,504,459,458,0.9107142857142857,0.9087301587301587,-0.001984126984126984,0.9235412474849095,0.9252525252525252
A033,503,457,456,0.9085487077534792,0.9065606361829026,-0.0019880715705765406,0.9158316633266533,0.912
A034,503,443,446,0.8807157057654076,0.8866799204771372,0.005964214711729622,0.8772277227722772,0.8736532810969637
A035,504,502,501,0.996031746031746,0.9940476190476191,-0.001984126984126984,0.9833496571988247,0.9833169774288518
A036,503,487,486,0.9681908548707754,0.9662027833001988,-0.0019880715705765406,0.944713870029098,0.9373191899710704
A037,502,456,454,0.9083665338645418,0.9043824701195219,-0.00398406374501992,0.87776708373436,0.8672397325692455
A038,504,461,467,0.9146825396825397,0.9265873015873016,0.011904761904761904,0.9065880039331367,0.9103313840155945
A039,504,470,470,0.9325396825396826,0.9325396825396826,0.0,0.9371884346959123,0.93812375249501
A040,498,483,480,0.9698795180722891,0.963855421686747,-0.006024096385542169,0.9679358717434869,0.967741935483871
A041,504,430,428,0.8531746031746031,0.8492063492063492,-0.003968253968253968,0.849802371541502,0.8492063492063492
A042,503,500,501,0.9940357852882704,0.9960238568588469,0.0019880715705765406,0.9823182711198428,0.9813907933398629
A043,504,484,484,0.9603174603174603,0.9603174603174603,0.0,0.9787664307381193,0.9787664307381193
A044,503,403,408,0.8011928429423459,0.8111332007952287,0.009940357852882704,0.8466386554621849,0.8482328482328483
A045,504,432,428,0.8571428571428571,0.8492063492063492,-0.007936507936507936,0.8944099378881988,0.890738813735692
A046,504,453,448,0.8988095238095238,0.8888888888888888,-0.00992063492063492,0.9273285568065507,0.917093142272262
A047,504,441,435,0.875,0.8630952380952381,-0.011904761904761904,0.8972533062054934,0.8913934426229508
A048,503,442,448,0.878727634194831,0.8906560636182903,0.011928429423459244,0.90020366598778,0.9096446700507614
A049,503,474,467,0.9423459244532804,0.9284294234592445,-0.013916500994035786,0.9518072289156626,0.9377510040160643
A050,499,444,444,0.8897795591182365,0.8897795591182365,0.0,0.9135802469135802,0.9135802469135802
A051,502,458,454,0.9123505976095617,0.9043824701195219,-0.00796812749003984,0.9346938775510204,0.9293756397134084
A052,503,489,491,0.9721669980119284,0.9761431411530815,0.003976143141153081,0.9731343283582089,0.9742063492063492
A053,504,423,424,0.8392857142857143,0.8412698412698413,0.001984126984126984,0.869475847893114,0.8706365503080082
A054,497,459,467,0.9235412474849095,0.9396378269617707,0.01609657947686117,0.8676748582230623,0.8819641170915958
A055,480,466,465,0.9708333333333333,0.96875,-0.0020833333333333333,0.9718456725755996,0.9707724425887265
A056,504,461,461,0.9146825396825397,0.9146825396825397,0.0,0.9083743842364532,0.9119683481701286
A057,503,444,447,0.882703777335984,0.8886679920477137,0.005964214711729622,0.9051987767584098,0.9048582995951417
A058,504,484,483,0.9603174603174603,0.9583333333333334,-0.001984126984126984,0.9738430583501007,0.971830985915493
A059,499,498,499,0.9979959919839679,1.0,0.002004008016032064,0.9764705882352941,0.9784313725490196
A060,503,481,483,0.9562624254473161,0.9602385685884692,0.003976143141153081,0.9572139303482587,0.963110667996012
A061,479,447,445,0.9331941544885177,0.9290187891440501,-0.0041753653444676405,0.946031746031746,0.9408033826638478
A062,484,458,454,0.9462809917355371,0.9380165289256198,-0.008264462809917356,0.9078295341922695,0.9218274111675127
A063,487,456,459,0.9363449691991786,0.9425051334702259,0.006160164271047228,0.8985221674876848,0.8895348837209303
A064,489,471,470,0.9631901840490797,0.9611451942740287,-0.002044989775051125,0.9731404958677686,0.9720785935884177
A065,488,446,443,0.9139344262295082,0.9077868852459017,-0.006147540983606557,0.9301355578727841,0.9248434237995825
A066,490,471,471,0.9612244897959183,0.9612244897959183,0.0,0.9661538461538461,0.9612244897959183
A067,488,378,381,0.7745901639344263,0.7807377049180327,0.006147540983606557,0.7745901639344263,0.768920282542886
A068,490,427,418,0.8714285714285714,0.8530612244897959,-0.018367346938775512,0.893305439330544,0.880927291886196
A069,490,413,413,0.8428571428571429,0.8428571428571429,0.0,0.8137931034482758,0.8194444444444444
A070,490,437,440,0.8918367346938776,0.8979591836734694,0.006122448979591836,0.8873096446700508,0.8870967741935484
A071,490,333,333,0.6795918367346939,0.6795918367346939,0.0,0.7184466019417476,0.7223427331887202
A072,490,345,349,0.7040816326530612,0.7122448979591837,0.00816326530612245,0.6412639405204461,0.6391941391941391
A073,488,279,267,0.5717213114754098,0.5471311475409836,-0.02459016393442623,0.5670731707317073,0.5603357817418678
A074,486,320,320,0.6584362139917695,0.6584362139917695,0.0,0.7158836689038032,0.7182940516273849
A075,481,356,353,0.7401247401247402,0.7338877338877339,-0.006237006237006237,0.702862783810464,0.717479674796748
A076,488,255,266,0.5225409836065574,0.5450819672131147,0.022540983606557378,0.5756207674943566,0.5957446808510638
A077,489,374,372,0.7648261758691206,0.7607361963190185,-0.00408997955010225,0.8183807439824945,0.8131147540983606
A078,488,354,353,0.7254098360655737,0.7233606557377049,-0.0020491803278688526,0.7797356828193832,0.7870680044593088
A079,488,423,418,0.8668032786885246,0.8565573770491803,-0.010245901639344262,0.8158148505303761,0.810077519379845
A080,490,483,482,0.9857142857142858,0.9836734693877551,-0.0020408163265306124,0.9669669669669669,0.966900702106319
A081,489,446,446,0.9120654396728016,0.9120654396728016,0.0,0.9214876033057852,0.9233954451345756
A082,491,402,398,0.8187372708757638,0.8105906313645621,-0.008146639511201629,0.8088531187122736,0.7991967871485943
A083,491,402,398,0.8187372708757638,0.8105906313645621,-0.008146639511201629,0.8553191489361702,0.8586839266450917
A084,489,338,339,0.6912065439672802,0.6932515337423313,0.002044989775051125,0.7268817204301076,0.7321814254859611
A085,489,439,435,0.8977505112474438,0.8895705521472392,-0.0081799591002045,0.8913705583756345,0.8886618998978549
A086,489,428,426,0.8752556237218814,0.8711656441717791,-0.00408997955010225,0.8585757271815446,0.8537074148296593
A087,491,464,464,0.945010183299389,0.945010183299389,0.0,0.957688338493292,0.9606625258799172
A088,492,475,474,0.9654471544715447,0.9634146341463414,-0.0020325203252032522,0.9615384615384616,0.9624365482233502
A089,491,415,407,0.845213849287169,0.8289205702647657,-0.016293279022403257,0.8792372881355932,0.8641188959660298
A090,492,459,458,0.9329268292682927,0.9308943089430894,-0.0020325203252032522,0.9089108910891089,0.9042448173741362
A091,490,405,400,0.826530612244898,0.8163265306122449,-0.01020408163265306,0.8273748723186926,0.8213552361396304
A092,482,458,455,0.950207468879668,0.9439834024896265,-0.006224066390041493,0.9472595656670114,0.9430051813471503
A093,490,426,424,0.8693877551020408,0.8653061224489796,-0.004081632653061225,0.8658536585365854,0.8760330578512396
A094,487,430,427,0.8829568788501027,0.8767967145790554,-0.006160164271047228,0.893970893970894,0.8923719958202717
A095,489,475,472,0.9713701431492843,0.9652351738241309,-0.006134969325153374,0.923226433430515,0.9209756097560976
A096,490,470,471,0.9591836734693877,0.9612244897959183,0.0020408163265306124,0.9552845528455285,0.9544072948328267
A097,491,483,482,0.9837067209775967,0.9816700610997964,-0.002036659877800407,0.9907692307692307,0.9887179487179487
A098,490,484,484,0.9877551020408163,0.9877551020408163,0.0,0.983739837398374,0.9847405900305188
A099,491,472,475,0.9613034623217923,0.9674134419551935,0.006109979633401222,0.980269989615784,0.9824198552223371
A100,491,483,484,0.9837067209775967,0.9857433808553971,0.002036659877800407,0.9837067209775967,0.983739837398374
A101,491,489,489,0.9959266802443992,0.9959266802443992,0.0,0.978978978978979,0.9829145728643216
A102,491,471,474,0.9592668024439919,0.9653767820773931,0.006109979633401222,0.9553752535496958,0.9575757575757575
A103,492,358,361,0.7276422764227642,0.733739837398374,0.006097560975609756,0.7404343329886246,0.7568134171907757
A104,492,442,440,0.8983739837398373,0.8943089430894309,-0.0040650406504065045,0.9394261424017003,0.9361702127659575
A105,491,378,369,0.769857433808554,0.7515274949083504,-0.018329938900203666,0.7290260366441659,0.7263779527559056
A106,491,381,376,0.7759674134419552,0.7657841140529531,-0.010183299389002037,0.7831449126413155,0.7841501564129302
A107,492,343,355,0.6971544715447154,0.7215447154471545,0.024390243902439025,0.7376344086021506,0.7442348008385744
A108,491,447,446,0.9103869653767821,0.9083503054989817,-0.002036659877800407,0.8688046647230321,0.8702439024390244
A109,492,448,446,0.9105691056910569,0.9065040650406504,-0.0040650406504065045,0.9161554192229039,0.922440537745605
A110,490,400,401,0.8163265306122449,0.8183673469387756,0.0020408163265306124,0.8064516129032258,0.8142131979695432
A111,491,453,450,0.9226069246435845,0.9164969450101833,-0.006109979633401222,0.9151515151515152,0.9118541033434651
A112,492,480,480,0.975609756097561,0.975609756097561,0.0,0.9825997952917093,0.9795918367346939
A113,492,481,480,0.9776422764227642,0.975609756097561,-0.0020325203252032522,0.985655737704918,0.986639260020555
A114,491,465,465,0.9470468431771895,0.9470468431771895,0.0,0.9617373319544984,0.9587628865979382
A115,491,450,450,0.9164969450101833,0.9164969450101833,0.0,0.8919722497522299,0.9009009009009009
A116,492,466,470,0.9471544715447154,0.9552845528455285,0.008130081300813009,0.9568788501026694,0.962128966223132
A117,491,429,430,0.8737270875763747,0.8757637474541752,0.002036659877800407,0.9050632911392406,0.9052631578947369
A118,492,468,464,0.9512195121951219,0.943089430894309,-0.008130081300813009,0.9454545454545454,0.9421319796954315
A119,490,468,468,0.9551020408163265,0.9551020408163265,0.0,0.949290060851927,0.9483282674772037
A120,492,479,477,0.9735772357723578,0.9695121951219512,-0.0040650406504065045,0.9725888324873097,0.9744637385086823
